"videoId","title","description","videoURL","publishedAt","image"
"eX2qFMC8cFo","Funniest Cats ğŸ˜¹ - Don&#39;t try to hold back Laughter ğŸ˜‚ - Funny Cats Life","Funniest Cats - Don't try to hold back Laughter Watch more cute animals! https://youtube.com/playlist?list=PLH.","https://www.youtube.com/watch?v=eX2qFMC8cFo","2020.10.29","https://i.ytimg.com/vi/eX2qFMC8cFo/hqdefault.jpg"
"LMHsp0Vue68","Funniest Cats ğŸ˜¹- Best Of The 2022 Funny Cat Videos ğŸ˜‚ - Funny Cats HD","Funniest Cats - Best Of The 2022 Funny Cat Videos - Funny Cats HD Welcome to the funniest cat channel. Funny cat videos ...","https://www.youtube.com/watch?v=LMHsp0Vue68","2022.08.04","https://i.ytimg.com/vi/LMHsp0Vue68/hqdefault.jpg"
"y8qQFMvfHk8","FUNNY CAT MEMES COMPILATION OF 2022 PART 41","Try Not To Laugh Challenge is a hilarious compilation of Funny and cute Animal Videos, featuring some of the funniest cats ...","https://www.youtube.com/watch?v=y8qQFMvfHk8","2022.08.05","https://i.ytimg.com/vi/y8qQFMvfHk8/hqdefault.jpg"
"vY6OzvQtzsk","Funniest Cats ğŸ˜¹ - Don&#39;t try to hold back Laughter ğŸ˜‚ - Funny Cats Life","Funniest Cats - Don't try to hold back Laughter Watch more cute animals! https://youtube.com/playlist?list=PLH.","https://www.youtube.com/watch?v=vY6OzvQtzsk","2021.05.06","https://i.ytimg.com/vi/vY6OzvQtzsk/hqdefault.jpg"
"317jz-PU7Mg","Funniest Cats ğŸ˜¹ - Don&#39;t try to hold back Laughter ğŸ˜‚ - Funny Cats Life","Funniest Cats - Don't try to hold back Laughter Watch more cute animals! https://youtube.com/playlist?list=PLH.","https://www.youtube.com/watch?v=317jz-PU7Mg","2020.09.14","https://i.ytimg.com/vi/317jz-PU7Mg/hqdefault.jpg"
"f5dNdXe8kDc","Funniest Cats ğŸ˜¹- Best Of The 2022 Funny Cat Videos ğŸ˜‚ - Funny Cats HD","Funniest Cats - Best Of The 2022 Funny Cat Videos - Funny Cats HD Welcome to the funniest cat channel. Funny cat videos ...","https://www.youtube.com/watch?v=f5dNdXe8kDc","2022.08.03","https://i.ytimg.com/vi/f5dNdXe8kDc/hqdefault.jpg"
"0xqkksHov58","The Funniest Cat Videos on the Internet ğŸ¤£ğŸ±","Hope you enjoy these funny cat videos. I'm very passionate about cats, especially funny cats and this channel is dedicated to ...","https://www.youtube.com/watch?v=0xqkksHov58","2021.10.03","https://i.ytimg.com/vi/0xqkksHov58/hqdefault.jpg"
"CPISexQPvQw","Try Not To Laugh Animals | Funniest Cat Videos In The World | Funny Animal Videos #128","Try Not To Laugh Animals | Funniest Cat Videos In The World | Funny Animal Videos #128, Funny Dogs, Cute Pets, Funniest ...","https://www.youtube.com/watch?v=CPISexQPvQw","2022.06.25","https://i.ytimg.com/vi/CPISexQPvQw/hqdefault.jpg"
"sabrCngYywk","Funniest Cats ğŸ˜¹ - Don&#39;t try to hold back Laughter ğŸ˜‚ - Funny Cats Life","Funniest Cats - Don't try to hold back Laughter Watch more cute animals! https://youtube.com/playlist?list=PLH.","https://www.youtube.com/watch?v=sabrCngYywk","2021.07.08","https://i.ytimg.com/vi/sabrCngYywk/hqdefault.jpg"
"NjQd8Js9w-s","FUNNY CAT MEMES COMPILATION OF 2022 PART 40","Try Not To Laugh Challenge is a hilarious compilation of Funny and cute Animal Videos, featuring some of the funniest cats ...","https://www.youtube.com/watch?v=NjQd8Js9w-s","2022.08.02","https://i.ytimg.com/vi/NjQd8Js9w-s/hqdefault.jpg"
"1auRIgrYX2M","1 Hour of Funniest Cat Videos In The World | Try Not To Laugh Funny Animal Videos #125","1 Hour of Funniest Cat Videos In The World | Try Not To Laugh Funny Animal Videos #125, Funny Dogs, Cute Pets, Funniest ...","https://www.youtube.com/watch?v=1auRIgrYX2M","2022.06.19","https://i.ytimg.com/vi/1auRIgrYX2M/hqdefault.jpg"
"HJFbhG1Z_c0","1 Hour of Funniest Cat Videos on the Planet #3 - Best Funny Animal Videos 2022","1 Hour of Funniest Cat Videos on the Planet - Best Funny Animals Videos 2022 | Funny Cats And Dogs Videos - Try Not To Laugh ...","https://www.youtube.com/watch?v=HJFbhG1Z_c0","2022.04.22","https://i.ytimg.com/vi/HJFbhG1Z_c0/hqdefault.jpg"
"r1Ac7A09LAc","1 HOUR FUNNY CATS COMPILATION 2022 ğŸ˜‚| The Best Funny Cat Videos!ğŸ˜¸ ğŸ˜¸","1 HOUR FUNNY CATS COMPILATION 2022 | The Best Funny Cat Videos!   Welcome to the funniest cat channel. Funny cat ...","https://www.youtube.com/watch?v=r1Ac7A09LAc","2022.07.30","https://i.ytimg.com/vi/r1Ac7A09LAc/hqdefault.jpg"
"DO3rsOBBGCg","ğŸ¤£HOLDING YOUR LAUGH while watching these videoğŸ˜¹ - Funny Cats Life","Funniest Cats - Don't try to hold back Laughter Watch more cute animals! https://youtube.com/playlist?list=PLH.","https://www.youtube.com/watch?v=DO3rsOBBGCg","2022.07.22","https://i.ytimg.com/vi/DO3rsOBBGCg/hqdefault.jpg"
"01VdUdbP_8I","ğŸ¤£Funniest Cats Ever - I CHALLENGE You to watch this video without LAUGHINGğŸ˜‚ - 99% Impossible","Funniest Cats - Don't try to hold back Laughter Watch more cute animals! https://youtube.com/playlist?list=PLH.","https://www.youtube.com/watch?v=01VdUdbP_8I","2022.07.15","https://i.ytimg.com/vi/01VdUdbP_8I/hqdefault.jpg"
"asXt2XR1RYA","ğŸ˜‚YOU LAUGH YOU LOSE! ğŸ˜¹Funny Moments Of Cats Videos Compilation - Funny Cat Life","Funniest Cats - Don't try to hold back Laughter Watch more cute animals! https://youtube.com/playlist?list=PLH.","https://www.youtube.com/watch?v=asXt2XR1RYA","2022.07.29","https://i.ytimg.com/vi/asXt2XR1RYA/hqdefault.jpg"
"8skqvImlF_c","Funny Animal Videos 2022 ğŸ˜‚ - Funniest Cats And Dogs Videos ğŸ˜ºğŸ˜ #14","Welcome to Funny Animals Club! We've selected the best of the funniest and cutest Cats   & Dogs   videos that will make you ...","https://www.youtube.com/watch?v=8skqvImlF_c","2022.07.24","https://i.ytimg.com/vi/8skqvImlF_c/hqdefault.jpg"
"MKSaPNU0p0g","Funny Animal Videos 2022 ğŸ˜‚ - Funniest Cats And Dogs Videos ğŸ˜ºğŸ˜ #15","Welcome to Funny Animals Club! We've selected the best of the funniest and cutest Cats   & Dogs   videos that will make you ...","https://www.youtube.com/watch?v=MKSaPNU0p0g","2022.07.31","https://i.ytimg.com/vi/MKSaPNU0p0g/hqdefault.jpg"
"8AkiS9g7jCY","1 Hour of Funniest Cat Videos on the Planet #8 - Best Funny Animal Videos 2022","1 Hour of Funniest Cat Videos on the Planet - Best Funny Animals Videos 2022 | Funny Cats And Dogs Videos - Try Not To Laugh ...","https://www.youtube.com/watch?v=8AkiS9g7jCY","2022.06.20","https://i.ytimg.com/vi/8AkiS9g7jCY/hqdefault.jpg"
"ABeLa68M4gk","Funny Animal Videos 2022 ğŸ˜‚ - Best Dogs And Cats Videos ğŸ˜ºğŸ˜ #15","Welcome to Funny Animals Club! We've selected the best of the funniest and cutest Cats   & Dogs   videos that will make you ...","https://www.youtube.com/watch?v=ABeLa68M4gk","2022.08.05","https://i.ytimg.com/vi/ABeLa68M4gk/hqdefault.jpg"
"eFLBSue8CQE","ğŸ¤£LAUGH TO FAINTğŸ˜¹CATs will make you LAUGH all dayğŸ˜¹ - Funny Cats Life","Funniest Cats - Don't try to hold back Laughter Watch more cute animals! https://youtube.com/playlist?list=PLH.","https://www.youtube.com/watch?v=eFLBSue8CQE","2022.08.05","https://i.ytimg.com/vi/eFLBSue8CQE/hqdefault.jpg"
"1kr4w0iMp4E","Funniest Animals Videos - Best Cute CatsğŸ˜¹ and Crazy DogsğŸ¶ Videos 2022!","Welcome to Funny Animals Club! We've selected the best of the funniest and cutest Cats   & Dogs   videos that will make you ...","https://www.youtube.com/watch?v=1kr4w0iMp4E","2022.03.05","https://i.ytimg.com/vi/1kr4w0iMp4E/hqdefault.jpg"
"3nIpwg6mQqY","Funniest Cats ğŸ˜¹ - Don&#39;t try to hold back Laughter ğŸ˜‚ - Funny Cats Life","Funniest Cats - Don't try to hold back Laughter Watch more cute animals! https://youtube.com/playlist?list=PLH.","https://www.youtube.com/watch?v=3nIpwg6mQqY","2021.09.02","https://i.ytimg.com/vi/3nIpwg6mQqY/hqdefault.jpg"
"ByH9LuSILxU","Baby Cats - Cute and Funny Cat Videos Compilation #34 | Aww Animals","Baby cats are amazing creature because they are the cutest and most funny. Watching funny baby cats is the hardest try not to ...","https://www.youtube.com/watch?v=ByH9LuSILxU","2020.06.19","https://i.ytimg.com/vi/ByH9LuSILxU/hqdefault.jpg"
"uohjEN-TSuU","1 HOUR FUNNY CATS COMPILATION 2022 ğŸ˜‚| The Best Funny Cat Videos!ğŸ˜¸ ğŸ˜¸","1 HOUR FUNNY CATS COMPILATION 2022 | The Best Funny Cat Videos!   Welcome to the funniest cat channel. Funny cat ...","https://www.youtube.com/watch?v=uohjEN-TSuU","2022.08.03","https://i.ytimg.com/vi/uohjEN-TSuU/hqdefault.jpg"
"O50L97av6AE","ğŸ˜‡ Laugh non-stop with these funny cats ğŸ˜¹ - Funniest Cats Expression Video ğŸ˜‡ - Funny Cats Life","Funniest Cats - Don't try to hold back Laughter Watch more cute animals! https://youtube.com/playlist?list=PLH.","https://www.youtube.com/watch?v=O50L97av6AE","2022.06.17","https://i.ytimg.com/vi/O50L97av6AE/hqdefault.jpg"
"_dbJERSzHtY","Funny Animal Videos 2022 ğŸ˜‚ - Funniest Cats And Dogs Videos ğŸ˜ºğŸ˜ #11","Welcome to Funny Animals Club! We've selected the best of the funniest and cutest Cats   & Dogs   videos that will make you ...","https://www.youtube.com/watch?v=_dbJERSzHtY","2022.06.26","https://i.ytimg.com/vi/_dbJERSzHtY/hqdefault.jpg"
"XmoKM4RunZQ","Funniest Cat Videos on the Planet #80 - Best Funny Animal Videos 2022 | Life Funny Pets","Funniest Cat Videos on the Planet #80 - Best Funny Animals Videos 2022 | Funny Cats And Dogs Videos - Try Not To Laugh ...","https://www.youtube.com/watch?v=XmoKM4RunZQ","2022.06.01","https://i.ytimg.com/vi/XmoKM4RunZQ/hqdefault.jpg"
"hY7m5jjJ9mM","CATS will make you LAUGH YOUR HEAD OFF - Funny CAT compilation","Cats are amazing creatures because they make us laugh all the time! Watching funny cats is the hardest try not to laugh challenge ...","https://www.youtube.com/watch?v=hY7m5jjJ9mM","2017.05.31","https://i.ytimg.com/vi/hY7m5jjJ9mM/hqdefault.jpg"
"3h5r8MYzxAE","Funny Animal Videos 2022 ğŸ˜‚ - Funniest Cats And Dogs Videos ğŸ˜ºğŸ˜ #10","Welcome to Funny Animals Club! We've selected the best of the funniest and cutest Cats   & Dogs   videos that will make you ...","https://www.youtube.com/watch?v=3h5r8MYzxAE","2022.06.19","https://i.ytimg.com/vi/3h5r8MYzxAE/hqdefault.jpg"
"3-G-VCaoSaE","FUNNY CAT MEMES COMPILATION OF 2022 PART 38","Try Not To Laugh Challenge is a hilarious compilation of Funny and cute Animal Videos, featuring some of the funniest cats ...","https://www.youtube.com/watch?v=3-G-VCaoSaE","2022.07.26","https://i.ytimg.com/vi/3-G-VCaoSaE/hqdefault.jpg"
"m3UrMOCREow","Funniest Cats ğŸ˜¹ - Cats Are Hilariously Clumsy ğŸ˜‚ - Funny Cats Life","Funniest Cats - Don't try to hold back Laughter Watch more cute animals! https://youtube.com/playlist?list=PLH.","https://www.youtube.com/watch?v=m3UrMOCREow","2022.02.17","https://i.ytimg.com/vi/m3UrMOCREow/hqdefault.jpg"
"NBvSgSzVKmY","Try Not To Laugh | Funniest Cat Videos In The World | Funny Animal Videos #146","Try Not To Laugh | Funniest Cat Videos In The World | Funny Animal Videos #146, Funny Dogs, Cute Pets, Funniest Animals, ...","https://www.youtube.com/watch?v=NBvSgSzVKmY","2022.08.04","https://i.ytimg.com/vi/NBvSgSzVKmY/hqdefault.jpg"
"l3x4EwEyjPU","Funny Animal Videos 2022 ğŸ˜‚ - Funniest Cats And Dogs Videos ğŸ˜ºğŸ˜ #8","Welcome to Funny Animals Club! We've selected the best of the funniest and cutest Cats   & Dogs   videos that will make you ...","https://www.youtube.com/watch?v=l3x4EwEyjPU","2022.06.05","https://i.ytimg.com/vi/l3x4EwEyjPU/hqdefault.jpg"
"G-36mO0dRjo","Funny Animal Videos 2022 ğŸ˜‚ - Funniest Cats And Dogs Videos ğŸ˜ºğŸ˜ #12","Welcome to Funny Animals Club! We've selected the best of the funniest and cutest Cats   & Dogs   videos that will make you ...","https://www.youtube.com/watch?v=G-36mO0dRjo","2022.07.03","https://i.ytimg.com/vi/G-36mO0dRjo/hqdefault.jpg"
"rj6YhU7CCNc","FUNNY CAT MEMES COMPILATION OF 2022 PART 39","Try Not To Laugh Challenge is a hilarious compilation of Funny and cute Animal Videos, featuring some of the funniest cats ...","https://www.youtube.com/watch?v=rj6YhU7CCNc","2022.07.29","https://i.ytimg.com/vi/rj6YhU7CCNc/hqdefault.jpg"
"-chHvduhWIU","ğŸ˜‡ Owners are CRYING, you are LAUGHING! ğŸ˜¹  -The Funniest Cat Videos on the Internet","Funniest Cats - Don't try to hold back Laughter Watch more cute animals! https://youtube.com/playlist?list=PLH.","https://www.youtube.com/watch?v=-chHvduhWIU","2022.07.08","https://i.ytimg.com/vi/-chHvduhWIU/hqdefault.jpg"
"CD2Gu7QnTlI","Best Funniest Animals Video of 2022 - Cute CatsğŸ˜¹ and Funny DogsğŸ¶ Videos!","Welcome to the Funny Animals Club! Today we have an ultimate 30 minutes compilation of the Best and Funniest recent ...","https://www.youtube.com/watch?v=CD2Gu7QnTlI","2022.04.02","https://i.ytimg.com/vi/CD2Gu7QnTlI/hqdefault.jpg"
"bFj0zyvQG3Y","Try Not To Laugh | Funniest Cat Videos In The World | Funny Animal Videos #91","Try Not To Laugh | Funniest Cat Videos In The World | Funny Animal Videos #91, Funny Dogs, Cute Pets, Funniest Animals, ...","https://www.youtube.com/watch?v=bFj0zyvQG3Y","2022.04.21","https://i.ytimg.com/vi/bFj0zyvQG3Y/hqdefault.jpg"
"QQkAJcAPKiU","1 Hour of Funniest Cat Videos on the Planet #2 - Best Funny Animal Videos 2022","1 Hour of Funniest Cat Videos on the Planet - Best Funny Animals Videos 2022 | Funny Cats And Dogs Videos - Try Not To Laugh ...","https://www.youtube.com/watch?v=QQkAJcAPKiU","2022.04.02","https://i.ytimg.com/vi/QQkAJcAPKiU/hqdefault.jpg"
"MzYZSooe6pM","Funny Animals Video - Best CatsğŸ˜¹ and DogsğŸ¶ Videos of the Week 2022!","Welcome to Funny Animals Club! Today we have a weekly best videos of Cats, Dogs and some wild animals for you! Newest ...","https://www.youtube.com/watch?v=MzYZSooe6pM","2022.02.10","https://i.ytimg.com/vi/MzYZSooe6pM/hqdefault.jpg"
"NQix_OFrYak","Funny animals - Funny cats / dogs - Funny animal videos 216","Funny animals! Compilation number 216. Only the best! Sit back and charge positively Funny animal videos (funny cats, dogs ...","https://www.youtube.com/watch?v=NQix_OFrYak","2022.08.03","https://i.ytimg.com/vi/NQix_OFrYak/hqdefault.jpg"
"wJi6vLtzEq4","Funny Animal Videos 2022 ğŸ˜‚ - Best Dogs And Cats Videos ğŸ˜ºğŸ˜ #13","Welcome to Funny Animals Club! We've selected the best of the funniest and cutest Cats   & Dogs   videos that will make you ...","https://www.youtube.com/watch?v=wJi6vLtzEq4","2022.07.15","https://i.ytimg.com/vi/wJi6vLtzEq4/hqdefault.jpg"
"4-_Fh5f8nzE","FUNNY CAT MEMES COMPILATION OF 2022 PART 34","Try Not To Laugh Challenge is a hilarious compilation of Funny and cute Animal Videos, featuring some of the funniest cats ...","https://www.youtube.com/watch?v=4-_Fh5f8nzE","2022.07.12","https://i.ytimg.com/vi/4-_Fh5f8nzE/hqdefault.jpg"
"1fO1i4d3lnY","ğŸ˜¹ You Definitely Laugh, I Believe In It ğŸ˜‡ - Funniest Cats Expression Video ğŸ˜‡ - Funny Cats Life","Funniest Cats - Don't try to hold back Laughter Watch more cute animals! https://youtube.com/playlist?list=PLH.","https://www.youtube.com/watch?v=1fO1i4d3lnY","2022.07.01","https://i.ytimg.com/vi/1fO1i4d3lnY/hqdefault.jpg"
"RMrvg9INQLM","FUNNY CAT MEMES COMPILATION OF 2022 PART 36","Try Not To Laugh Challenge is a hilarious compilation of Funny and cute Animal Videos, featuring some of the funniest cats ...","https://www.youtube.com/watch?v=RMrvg9INQLM","2022.07.19","https://i.ytimg.com/vi/RMrvg9INQLM/hqdefault.jpg"
"LOjChpfH4BQ","Funny Animal Videos 2022 ğŸ˜‚ - Funniest Cats And Dogs Videos ğŸ˜ºğŸ˜ #9","Welcome to Funny Animals Club! We've selected the best of the funniest and cutest Cats   & Dogs   videos that will make you ...","https://www.youtube.com/watch?v=LOjChpfH4BQ","2022.06.12","https://i.ytimg.com/vi/LOjChpfH4BQ/hqdefault.jpg"
"wEIVKkTH8Qs","Best Funniest Animal Videos of 2022 - Cute CatsğŸ˜¹ and Funny DogsğŸ¶ Videos!","Welcome to the Funny Animals Club! Today we have an ultimate 30 minutes compilation of the Best and Funniest recent ...","https://www.youtube.com/watch?v=wEIVKkTH8Qs","2022.07.17","https://i.ytimg.com/vi/wEIVKkTH8Qs/hqdefault.jpg"
"NuqnpCzhEdM","Funniest Cats ğŸ˜¹ - Don&#39;t try to hold back Laughter ğŸ˜‚ - Funny Cats Life","Funniest Cats - Don't try to hold back Laughter Watch more cute animals! https://youtube.com/playlist?list=PLH.","https://www.youtube.com/watch?v=NuqnpCzhEdM","2020.10.11","https://i.ytimg.com/vi/NuqnpCzhEdM/hqdefault.jpg"
"XEAZIEsuIWY","FUNNY CAT MEMES COMPILATION OF 2022 PART 23","Try Not To Laugh Challenge is a hilarious compilation of Funny and cute Animal Videos, featuring some of the funniest cats ...","https://www.youtube.com/watch?v=XEAZIEsuIWY","2022.06.14","https://i.ytimg.com/vi/XEAZIEsuIWY/hqdefault.jpg"